{
  "download_history": [
    {
      "timestamp": "2025-12-06T18:22:46.693442+00:00",
      "timeframe": "1min",
      "candles_added": 18383,
      "date_range": {
        "start": "2025-11-24T00:00:00+00:00",
        "end": "2025-12-06T18:22:00+00:00"
      }
    },
    {
      "timestamp": "2025-12-13T12:13:54.905612+00:00",
      "timeframe": "1min",
      "candles_added": 20000,
      "date_range": {
        "start": "2025-11-29T14:54:00+00:00",
        "end": "2025-12-13T12:13:00+00:00"
      }
    },
    {
      "timestamp": "2025-12-13T12:20:34.143774+00:00",
      "timeframe": "1min",
      "candles_added": 20000,
      "date_range": {
        "start": "2025-11-29T15:00:00+00:00",
        "end": "2025-12-13T12:19:00+00:00"
      }
    },
    {
      "timestamp": "2025-12-15T10:55:45.038022+00:00",
      "timeframe": "1min",
      "candles_added": 20000,
      "date_range": {
        "start": "2025-12-01T13:36:00+00:00",
        "end": "2025-12-15T10:55:00+00:00"
      }
    },
    {
      "timestamp": "2025-12-15T12:37:40.954517+00:00",
      "timeframe": "1min",
      "candles_added": 20000,
      "date_range": {
        "start": "2025-12-01T15:17:00+00:00",
        "end": "2025-12-15T12:36:00+00:00"
      }
    }
  ],
  "last_updated": "2025-12-15T12:37:40.954552+00:00",
  "total_days": 15
}