{
  "download_history": [
    {
      "timestamp": "2025-12-06T18:06:29.352597+00:00",
      "timeframe": "5min",
      "candles_added": 2234,
      "date_range": {
        "start": "2025-11-29T00:00:00+00:00",
        "end": "2025-12-06T18:05:00+00:00"
      }
    },
    {
      "timestamp": "2025-12-06T18:14:01.317586+00:00",
      "timeframe": "5min",
      "candles_added": 10299,
      "date_range": {
        "start": "2025-11-01T00:00:00+00:00",
        "end": "2025-12-06T18:10:00+00:00"
      }
    },
    {
      "timestamp": "2025-12-08T21:18:05.454849+00:00",
      "timeframe": "5min",
      "candles_added": 10368,
      "date_range": {
        "start": "2025-11-01T00:00:00+00:00",
        "end": "2025-12-06T23:55:00+00:00"
      }
    }
  ],
  "last_updated": "2025-12-08T21:18:05.454888+00:00",
  "total_days": 36
}